n,k=1,k=2,k=3,k=4,k=5,k=6
100.0,1.4221297564501496,1.3994038494535666,1.4021483116818632,1.3924677103779983,1.3951120430416228,1.38778098279689
200.0,1.4157884217305539,1.4197122834489289,1.4066180712778453,1.4060875366697518,1.4016260746126619,1.4035859986286694
300.0,1.4162228835539363,1.4150092381549104,1.4100923435291683,1.4095963077929068,1.4052127890235842,1.4069886642371305
400.0,1.410875478229793,1.4158488166051477,1.4129620204430957,1.410363641539823,1.4136862403654311,1.4108585094534942
500.0,1.4178941857603347,1.4177694992754504,1.413757588533556,1.414662612269914,1.4117153953843833,1.410054079564042
600.0,1.4169956975642628,1.4200254415381852,1.4149559531356697,1.4139943646686293,1.4108369545378596,1.416225930416016
700.0,1.4193394213015302,1.4163191935689037,1.4171038024296796,1.4141034820720366,1.4129536677971724,1.4141980699791137
800.0,1.417086569576335,1.4142152199781113,1.4147708999714685,1.4163418940128414,1.4147200650674976,1.4139344956806477
900.0,1.4197495042911297,1.4185444156466243,1.4155258341811014,1.416885036936263,1.4165756093721338,1.4147053297794132
1e3,1.4211093141455984,1.420580046795135,1.4192985964812137,1.4157895290113562,1.415410431138005,1.4140273286685003
1100.0,1.4133663330863837,1.4169017266412978,1.418522405993438,1.416334414426005,1.416961569907349,1.4156879224516565
1200.0,1.4168953182665422,1.417936504115665,1.4166613152456988,1.415182247783671,1.4150723887501686,1.4152836016305037
1300.0,1.418751702178404,1.4200934577499145,1.4193731090111983,1.4153024640616008,1.4167900010968473,1.4176555540118165
1400.0,1.4195367345652374,1.417677897698968,1.4176239745968484,1.4154999720944481,1.4156613126944984,1.416494346767766
1500.0,1.4180111029137448,1.4187768629571593,1.416307674326184,1.4168106888422554,1.4183680701059376,1.414198618845879
1600.0,1.4167657468702286,1.4190215269217814,1.4163621283456915,1.4170127141173663,1.4182243033434236,1.4183157421787345
1700.0,1.4177457571169116,1.4185304546063846,1.4172298593984025,1.4181034568823732,1.4155359854452456,1.4163359603945005
1800.0,1.4170745565205234,1.4169381234340515,1.4167553303793077,1.4159870615551207,1.4168887671754757,1.4177732428783492
1900.0,1.418416059677213,1.4191162897183622,1.4185093432135158,1.417625712440083,1.4168462014524652,1.416091845432554
2e3,1.417337824870248,1.4187104925960161,1.4181780349754698,1.4180766130579223,1.4167591684063545,1.4168479960719287
2100.0,1.4173350593985092,1.417893915522255,1.4179115659830748,1.4168370993238175,1.4164076129865146,1.41650346334833
2200.0,1.4186432096169015,1.417691301967815,1.4166743057495432,1.4171740372463733,1.4168911364515289,1.4164517674901693
2300.0,1.4188912635227289,1.4193939031117337,1.418919678622879,1.4183168088929006,1.4173363537728925,1.4172671951931806
2400.0,1.419260848536656,1.4173230180289345,1.4192243530087836,1.4167404050552872,1.418092095785483,1.4177521582021744
2500.0,1.4158367515467072,1.417975729546102,1.4194477468357563,1.4179387643837,1.4166553230950747,1.4165572438715606
2600.0,1.4195573106349564,1.417073279735394,1.4175852179709028,1.4185394560202083,1.4173345042198109,1.4168637335226715
2700.0,1.419423795719129,1.4179095611530597,1.4179052990995176,1.418792793808613,1.4166139114566452,1.4173081365783011
2800.0,1.418526187102431,1.4202285317628365,1.4176597221519105,1.417314436872426,1.4179497336513107,1.4162879459737368
2900.0,1.4194556915670549,1.4172995706828606,1.4179240045795853,1.4176935476457369,1.4172437130498439,1.4178274336165677
3e3,1.418311272550845,1.4187241809383697,1.4179723901208299,1.4180777461497063,1.4181043371361088,1.4165110815439295
3100.0,1.4166227173800774,1.4185051091043963,1.4179034065135008,1.4171066563679464,1.4175743603552937,1.4196333404005668
3200.0,1.4180890202096592,1.4194351033543695,1.4179005914443026,1.419101159138241,1.4180655161116054,1.417452622476085
3300.0,1.4185866111830618,1.4189620484587484,1.4184786926291346,1.4186087863787213,1.4173289580269832,1.4179069448581847
3400.0,1.4183301475932744,1.41770891228373,1.4176222731396189,1.4177389708868742,1.4186005607340784,1.4174801101608472
3500.0,1.4168082953132217,1.4204980356688126,1.4183066299111988,1.4180180762853798,1.417723580859995,1.4176251294136777
3600.0,1.4188475538013514,1.4182799287461825,1.4182548304400224,1.4177825263782269,1.417969073464339,1.4172256902159435
3700.0,1.4195617516121766,1.418976274537514,1.418751332156768,1.419456502098116,1.4179738445776278,1.4181435047981288
3800.0,1.4203724147581167,1.4183429133769716,1.4183996851773177,1.416802975261868,1.417517463106217,1.4180349120331677
3900.0,1.4180254280845486,1.4196616015310035,1.4179282552957455,1.4183846351538307,1.4175394857991097,1.4166466492082561
4e3,1.4169068374858202,1.4179012038582979,1.4181442875587933,1.4197338100969517,1.4187896536326328,1.41760783523233
4100.0,1.4182397467471342,1.417189219433785,1.4161149375044904,1.418462684128812,1.4175641431230321,1.4194408424039153
4200.0,1.4180835412466422,1.417906678423802,1.4178273789574576,1.4182502464955165,1.418895323736014,1.4183978985425123
4300.0,1.4191540814016828,1.4177715389316488,1.4192624954258786,1.4174613910700418,1.4190891961064835,1.4179005904630337
4400.0,1.4176640829043303,1.4199707280262566,1.4191140241626121,1.417491357740517,1.4177985091255714,1.4172307302605271
4500.0,1.4182237764650143,1.419463220681224,1.419540828790901,1.4179230924581185,1.4172685843178183,1.4188124209545863
4600.0,1.418853517899906,1.4193520201896588,1.4187534081649136,1.4181523872401078,1.4182545885411157,1.4181021878428002
4700.0,1.4202760377853711,1.419408499660265,1.4186778010417773,1.4185152535249654,1.418582950663672,1.4183404695968593
4800.0,1.4199731380149865,1.4182864013188747,1.4183972549483306,1.418160740948791,1.4193929737508066,1.4181865742407127
4900.0,1.420154317081155,1.4183819531596689,1.4179245662278208,1.4180220695611245,1.4183715434149053,1.4185753695593182
5e3,1.418763326123882,1.4193903186698895,1.4182302739755865,1.418008605518577,1.4190681617629914,1.4180722477031462
5100.0,1.4202170605114153,1.4181694758099221,1.4190087399427402,1.4182857413497205,1.419110975504075,1.417426356422542
5200.0,1.4181506394185173,1.418637209603013,1.4188517682070776,1.4186528016858426,1.4176474033010025,1.4182547402622119
5300.0,1.4198827417885471,1.4189889595065694,1.419305619988391,1.4177121982795322,1.418373556116946,1.4180949420421083
5400.0,1.417532521794219,1.4187740205801915,1.418098978965853,1.4184523251054977,1.4183790681569157,1.4179434345666402
5500.0,1.4203044330825845,1.4192292782561624,1.4185945989559279,1.4183786509688987,1.4171025185028086,1.4187636585587995
5600.0,1.4161921108652158,1.4167194891309922,1.4188221089677153,1.4184825509154897,1.4182681740079748,1.4186762345641106
5700.0,1.4208933274394813,1.4190786362881544,1.4189233004139958,1.4185898418037013,1.4196197800388484,1.4180175514809024
5800.0,1.417500386544805,1.4188784179135616,1.41741685167518,1.417674850390661,1.4177108921073887,1.4177179286437722
5900.0,1.4192710708693956,1.4200550308508937,1.4186501802570113,1.4176863571429796,1.4187996364606361,1.4175027856684774
6e3,1.41929151659924,1.4201603537596148,1.4187384527571854,1.418212299423594,1.4180886289848293,1.4182018481631364
6100.0,1.419654371808102,1.4183775885095142,1.418923736164352,1.4181600188058003,1.4179270027759863,1.4197853645642053
6200.0,1.4179228331627909,1.4190000283697581,1.418112235704429,1.4187694895717176,1.4180827311088708,1.4178203870781496
6300.0,1.4186746822931908,1.4184752481476606,1.4188055596322902,1.418161292840675,1.4176596280279683,1.418201591158729
6400.0,1.4185204559291504,1.419899935478236,1.4186098311771946,1.4183910968020823,1.4183196049806701,1.4186158889472347
6500.0,1.4153845407496182,1.4187456018244615,1.4176119134048255,1.4183074401944489,1.418756342842446,1.418279616597336
6600.0,1.4183500492384407,1.4185974432491724,1.4191619172068248,1.4192323074866673,1.4192958947549683,1.4185976738017305
6700.0,1.4164947248363227,1.419250126594072,1.4192533797259943,1.4176932443102843,1.4174122023140012,1.419216184390461
6800.0,1.4184998561430027,1.4184297277543658,1.418127268030733,1.4184276049323805,1.4178565001401087,1.4180105216879304
6900.0,1.4189448649687115,1.417883866230255,1.4183525297013968,1.4187418416869293,1.4185181853131221,1.4188914138259645
7e3,1.418399083539153,1.4188531476268245,1.4194602775365495,1.4187002621469764,1.417947119375675,1.4188754420877019
7100.0,1.4183742637920407,1.4189403703665702,1.4189265720253454,1.418043895750606,1.418996979577206,1.4182031411005651
7200.0,1.418138163758295,1.4187709686625496,1.4182479554512288,1.4181149273205835,1.4188983038232625,1.4184969986532916
7300.0,1.4197452860431965,1.4202083065768396,1.418579488144356,1.4179420229423463,1.4185462265568693,1.4181406876130327
7400.0,1.418101691039079,1.4193356828852275,1.4180918536168987,1.4188959225806062,1.4192725469158363,1.418236835541188
7500.0,1.419614566157509,1.4190409545578304,1.418678337342096,1.4183671984903294,1.4185349880046156,1.4178053142111933
7600.0,1.41853955132306,1.4189904069474186,1.418920672076565,1.4182556072108734,1.419102947741202,1.41862194853159
7700.0,1.4204575202308822,1.4191539825639385,1.4185672564930696,1.4185933697794044,1.4180438883563056,1.4183404376253486
7800.0,1.4189972882259658,1.4185396574821065,1.4180798266204624,1.4196418004830094,1.4184115857998931,1.417646818558909
7900.0,1.417904418310489,1.4190565385575058,1.4197229984494673,1.4186764096994517,1.4188099510087697,1.4177841635094415
8e3,1.419136817058841,1.4190810121509432,1.4200175941961366,1.4179125422856242,1.4184222607061945,1.4186815871309757
8100.0,1.4197069799583015,1.4197495403947942,1.4179482130105914,1.4187249629358583,1.4184195523413254,1.4187112581199872
8200.0,1.420516276242644,1.4198502125696308,1.4194220683845022,1.4180424744793925,1.4192174317877826,1.4193012720521716
8300.0,1.4194236689918536,1.418035659576085,1.419070701604835,1.4195552540293601,1.417658344266834,1.4186376544844341
8400.0,1.4182297298863276,1.4192155249541947,1.4192636047002203,1.4188962623356298,1.418371373952994,1.4189746287076774
8500.0,1.4180264812308816,1.4186926378318343,1.4187273650059484,1.4186255886860766,1.4181387610485698,1.4181658610051406
8600.0,1.4183123476280062,1.4190497961944042,1.4192506335090174,1.4183489579452813,1.4188211105881343,1.4186466923545165
8700.0,1.4187910188930806,1.4189487072803373,1.418958285444082,1.4186786954277661,1.4187886062153163,1.4182801125086437
8800.0,1.4178744065733921,1.4194527271707476,1.4186103101360246,1.4180516413380242,1.4191179754930061,1.4187081687543674
8900.0,1.4196474555066323,1.4193110860111806,1.4187671576957719,1.418785250075273,1.4191874045854327,1.419041830485463
9e3,1.4197190114183607,1.4185699289010627,1.4188555461344732,1.4188040946656848,1.4184173372227666,1.4185966449768042
9100.0,1.4187937718831605,1.4183998955406598,1.4187874850385662,1.4183326674517636,1.4185004391036187,1.4190232187672616
9200.0,1.418172385226784,1.4189559863694143,1.4194799438554813,1.4190224757125562,1.4190152362445436,1.4179036122530257
9300.0,1.4197968856025578,1.4194747407904138,1.4186185651599248,1.4180230310821234,1.4181837423111188,1.4179268323962047
9400.0,1.418652270756164,1.418541282800777,1.4192122997858696,1.4178284377463952,1.4184784065978098,1.4184359292735857
9500.0,1.4187742372500447,1.4186800834108224,1.41852565347041,1.418692088784916,1.4188022630043908,1.4185743852095807
9600.0,1.4189430640469347,1.4189444598214649,1.419416543014315,1.419340589870852,1.4189535926681736,1.418941485293027
9700.0,1.4192215723077293,1.4184193684877857,1.4192766254820153,1.41887072065624,1.4184257984314521,1.4194016033104904
9800.0,1.4187950114023746,1.4171143587221056,1.4185619829859961,1.4179572570025436,1.4187967156380399,1.4186572470370185
9900.0,1.4196704263606466,1.4191037612367192,1.418682800781583,1.4191640170186846,1.4190126256026767,1.4190441756318974
1e4,1.4193926813508713,1.419095477382603,1.4187881172937358,1.4182603967374119,1.4189413215503925,1.418806496225648
10100.0,1.4191655581480502,1.418857461330194,1.4193162687474568,1.4182611659031243,1.418686398884691,1.4185324002977275
10200.0,1.4192446999242527,1.4187725012749155,1.4187481616646993,1.4192351394658098,1.4179741271875737,1.4184249675302636
10300.0,1.4178744468029727,1.4189869055797264,1.419288040382351,1.4183398010228423,1.4184419756303497,1.4186914362904282
10400.0,1.419490596381569,1.418208772507118,1.4182204888014533,1.4187376231465167,1.4193367934778887,1.4183963461157383
10500.0,1.419055782238337,1.419635031392608,1.4194680744695019,1.4185069604630032,1.4180133912268635,1.4181277537633563
10600.0,1.419699485623766,1.4180771091463586,1.4184483788240978,1.418446408017741,1.4184027358409868,1.4182446438590215
10700.0,1.4190212444353183,1.4187539701959586,1.4189928334021205,1.4188735237917884,1.4186078733769865,1.418672206610554
10800.0,1.4192805852405697,1.4195923346431416,1.41917343288776,1.4187838632948664,1.419186985075628,1.4183715399228598
10900.0,1.4201418198304738,1.4198245609924105,1.4180717867032662,1.4187692108251297,1.4190404514530013,1.418894450687211
11e3,1.4180520742700733,1.4197588696540524,1.4185629267043671,1.419095436555823,1.4180303625523965,1.4185003495714927
11100.0,1.4191456454320468,1.4189795576783106,1.4181316211183872,1.4193873434590396,1.4184694455454172,1.41853257814075
11200.0,1.4194059215695984,1.4185538090071286,1.41853720767161,1.4186359639016524,1.4184700457043597,1.4190770900541247
11300.0,1.4195931455557869,1.4194061396166582,1.4182200524609059,1.4189228259999211,1.4181525867125286,1.4184854478871782
11400.0,1.418675172004391,1.4184447330043308,1.41873689880014,1.4182936845814502,1.4188096371563776,1.4184044224402126
11500.0,1.4190314208390888,1.4180974565714273,1.4191465262705052,1.4183075785224315,1.418822218058956,1.4193468542588266
11600.0,1.4190686990225885,1.419056896884136,1.4184058229165788,1.4191095066513706,1.4187373197371358,1.4186340168368157
11700.0,1.4189657566427707,1.4191490971449205,1.4193028721947172,1.4193616843642365,1.4192708692285916,1.41856892999285
11800.0,1.4185966979197397,1.4185019510727381,1.4181702069609412,1.4184900922736483,1.4188172922924813,1.4185865183608697
11900.0,1.4188185261436181,1.419234394980174,1.418656060024832,1.4185291768682644,1.418412713094798,1.419088659646497
12e3,1.4195699145786649,1.418720455997892,1.4193210394491833,1.4192972238063954,1.4187343494659963,1.41806940325256
12100.0,1.4185452863644816,1.4188294813087625,1.418440234667402,1.4194968971355821,1.418705525579208,1.4185891286020245
12200.0,1.4175598934275795,1.4194333732349504,1.41895629184705,1.4177750007469774,1.4186559855470375,1.418522629357324
12300.0,1.418561743118043,1.419611164811729,1.4188095399524099,1.4193092649346217,1.4181155455416363,1.418358987630848
12400.0,1.4181938638456135,1.4181185782162704,1.4182935781190247,1.4185270436790007,1.4186823369856683,1.4186293947303878
12500.0,1.4184995398146598,1.4199396865872864,1.4191230498985774,1.418566225582478,1.418823768525941,1.4186422158814485
12600.0,1.4187305735132274,1.4181662538353235,1.4188750157739731,1.4192275144959057,1.4189650115088728,1.4192019752631007
12700.0,1.4194948061660204,1.4185413794144788,1.4191876734879683,1.4185761436052198,1.4183366155020682,1.418327307052497
12800.0,1.4189219572207548,1.4182568546057643,1.4187684526260702,1.4187338129055833,1.4187104568685092,1.4185244396232204
12900.0,1.4187662615118082,1.4186898660548013,1.4191565384440774,1.4189477020349373,1.4186430072862515,1.4185046993575057
13e3,1.4186001683213156,1.4185247396522729,1.4189254147400914,1.4182997944905926,1.4182528125273843,1.4185436826873736
13100.0,1.420452205681509,1.4186275173227851,1.4188292446928321,1.4190527083432274,1.4187891780496529,1.4183730349800006
13200.0,1.418783676444018,1.4182026444365126,1.418198597717858,1.4185812829930453,1.4186849514650484,1.4184826554448424
13300.0,1.418332954104047,1.4186630352559995,1.419281517612113,1.4192678832449774,1.4187621582847183,1.4186919678471404
13400.0,1.4187171987326126,1.4189498769346125,1.4190753807306922,1.4181425515226795,1.4182211745850613,1.4196443196636843
13500.0,1.4181422232715488,1.418298628003862,1.419468791481571,1.4187349362424435,1.4179126722956972,1.418733417310301
13600.0,1.4183847340347673,1.4192977148107666,1.4190499519616568,1.4189849814387847,1.4185569870579464,1.4188347582620326
13700.0,1.4192328721170389,1.4190865883679329,1.4180707306078595,1.4181838474897943,1.4185588740534787,1.4183362011716296
13800.0,1.4192092128467262,1.4190790608940882,1.4191914706095612,1.4190536922219184,1.418488064432647,1.4191049092332968
13900.0,1.4185576419623591,1.4180994375437834,1.4186440929045865,1.41896499045373,1.418885504085356,1.418114699062453
14e3,1.4181498741333964,1.4189796331738642,1.4187863261295808,1.4185650921623094,1.4185533405781143,1.4186314617018123
14100.0,1.4186163118981152,1.4187088973325905,1.4188716925607365,1.4192346564647924,1.4190353734740209,1.4188473441837905
14200.0,1.4193258773860162,1.4190097212367645,1.4193857087360804,1.4190427807574826,1.4189140632943291,1.4182701055964115
14300.0,1.418445852410169,1.4184748425373133,1.4197230290604903,1.4190801851759463,1.4193301949938997,1.4180273786329642
14400.0,1.4182104424546769,1.419221631835214,1.4182155811568833,1.4189073580925005,1.4189831181153405,1.4184346233258291
14500.0,1.4187982286999405,1.4188305530575032,1.4191232435967074,1.418358056570767,1.418842310027296,1.418694384912403
14600.0,1.4187490884294425,1.4186201099217135,1.4185859437752157,1.4186439095705805,1.4190431687718323,1.4187713429628763
14700.0,1.4185988773501785,1.4184884135498381,1.4188758759873303,1.4190499212119922,1.4193590935666411,1.419054337235199
14800.0,1.4185091067832363,1.4186809942489909,1.4188034976126633,1.4184473957914168,1.418869632523941,1.4182765127999346
14900.0,1.4188601855216878,1.4181642824003056,1.418931136244013,1.4191483607315252,1.4186575227367295,1.4185348576678452
15e3,1.4181515809742837,1.4187197895970975,1.4189697243506307,1.418841065410012,1.4184694659965225,1.4188188350874527
15100.0,1.419566445568232,1.419201873619056,1.4182734488377968,1.4185959009184317,1.4186055663580563,1.4186494869463455
15200.0,1.417859797648683,1.4190740884651416,1.418821495829875,1.4190197389731014,1.4181017109790413,1.4185670292322268
15300.0,1.418709377403658,1.4191036825077339,1.418572963703086,1.4181201942595605,1.4186355162338915,1.4187306492214975
15400.0,1.4196254735269167,1.419293451322127,1.4185058405844055,1.4189551803823945,1.4184015039315365,1.4188103829295904
15500.0,1.419090429517812,1.4185445635915839,1.4185027066852234,1.4185501460789833,1.4193293845616723,1.418719841425645
15600.0,1.4185291728308471,1.4187256879615795,1.4189561128283095,1.4181931321885242,1.418679623359899,1.4185462791863914
15700.0,1.4178545333537569,1.4183843962243639,1.4190605129658627,1.4183334356145536,1.4189856532136231,1.4187372417608453
15800.0,1.4203895318150979,1.419450759871775,1.4183077832165754,1.4188547321982514,1.4186859159084875,1.418978578758145
15900.0,1.4186174067758333,1.4186766979953493,1.4193331030234375,1.4192748661339925,1.4187268543395748,1.4190531536829702
16e3,1.4181759524901145,1.419630861728416,1.4191788008643549,1.4189236216564332,1.4188771002112046,1.4183033422987794
16100.0,1.419096166625523,1.4186661907465383,1.4193525707383365,1.4191950574399037,1.4189453114676964,1.4182325779215945
16200.0,1.4181086375651688,1.4186370697135309,1.418743800824138,1.4187656691464663,1.4188530777495652,1.418400554795267
16300.0,1.4185106049210374,1.4185838457101418,1.4184240655674165,1.4187819435552373,1.4184419362392706,1.418445183905151
16400.0,1.4191927189484712,1.4188204314309412,1.418545819675867,1.4183424035012822,1.4190281592345158,1.4184529123439031
16500.0,1.4195470130013907,1.4183416621456704,1.4192286214707566,1.418561061238893,1.418954807569091,1.4185123979615588
16600.0,1.4191169807905315,1.4190422281755395,1.4185202294528103,1.418604722327879,1.4182413964392597,1.4184492665358077
16700.0,1.4193888576165392,1.4187261566947589,1.4181077892708858,1.4186487464098585,1.4185588909560907,1.4179853843703976
16800.0,1.418301305434686,1.4186244848533056,1.418778360308624,1.419171341134756,1.4190800168308058,1.4183082858794602
16900.0,1.418479775656168,1.4190812394975019,1.4182321486720324,1.4184762953986758,1.4183703212000973,1.4192856601587773
17e3,1.4182695245894497,1.41914255221377,1.4182225113046678,1.419108134921162,1.4189060731749024,1.4192656488720092
17100.0,1.4186050223160132,1.4188266964873735,1.4182924572131248,1.418166683562411,1.4187182365118616,1.418486894265997
17200.0,1.4182755164784249,1.4185575363551193,1.4187862428739184,1.4185334195216956,1.418711536701659,1.4185647160031438
17300.0,1.417923008686452,1.4188501335077988,1.4186192708021126,1.4192842026243662,1.4188368198610235,1.4189083638515676
17400.0,1.4188011345415368,1.4188793758092841,1.418699919103129,1.4183343892554796,1.418674745580527,1.4190648218986475
17500.0,1.4185038889006951,1.4183527870107573,1.4185548916748485,1.4192658459752983,1.4184199141564895,1.418360416869433
17600.0,1.4199536308075633,1.4187278353703159,1.4180405767537365,1.4190923586819024,1.4186899871244731,1.4186353709622943
17700.0,1.419692573813087,1.4179519748733918,1.4190924898919097,1.418422591144298,1.419078263428932,1.4183428165671612
17800.0,1.4192244077706972,1.4196829731497926,1.4198492994047056,1.4188984385568317,1.4183097464480454,1.418879097743894
17900.0,1.4189804660175773,1.419073840054071,1.4185827195786485,1.418988868395112,1.4186272698914912,1.4187668056038318
18e3,1.4192002813073208,1.4191747571503075,1.4189376321358345,1.418740066854126,1.4192148338154789,1.4186135658297332
18100.0,1.4191309153677703,1.4179404018351713,1.4194122425360554,1.4185883604588685,1.4186419910303047,1.4191891103279937
18200.0,1.4193411530755609,1.4189238497522838,1.4187781048527273,1.4184297837083815,1.418817879348823,1.4186502323572434
18300.0,1.418903745632547,1.4186970909325474,1.4188111030202342,1.4185302553678447,1.4182810592997912,1.4184101904753617
18400.0,1.4198755804571908,1.4185000319941208,1.4188528671345524,1.4188981058899282,1.4191745543970429,1.4187828986481477
18500.0,1.4188829574659767,1.4189211209296864,1.4182667017695034,1.4186076469012936,1.4183692244423576,1.4180896343928375
18600.0,1.4185018963151592,1.4187799472037592,1.418927136059007,1.4184332045551216,1.4185351215072002,1.4185791832886419
18700.0,1.417817239007194,1.4181154836182701,1.4190519752673871,1.4188252593955424,1.4187998861513482,1.4188503811250819
18800.0,1.4186183848005234,1.4188566999680468,1.4187859144767705,1.4181373140839029,1.4183645820146575,1.418459489331823
18900.0,1.419203285598698,1.4190363340775818,1.4189542877111445,1.418589973824771,1.4185233643141701,1.4186752296372818
19e3,1.4178512890165642,1.4191077909263967,1.4186237103247599,1.4192687950276748,1.418398902942573,1.4187156094863802
19100.0,1.4195048128627432,1.4191542603020209,1.4188176415186609,1.419197572253633,1.4187825392475113,1.4189396319792633
19200.0,1.4181920101619896,1.4186118658050662,1.418388330066334,1.4184838367215606,1.41862254007375,1.4182780909708241
19300.0,1.4185504355955576,1.4184547287594858,1.418912205848614,1.418712683591807,1.419064198604205,1.4187493414667536
19400.0,1.4195502445563914,1.418436246711305,1.418622377696485,1.4186057889517114,1.4189348334623448,1.4184344252653367
19500.0,1.4192285180856716,1.419677830098146,1.4188442940411994,1.4186034111103472,1.418783593016771,1.4185239271379746
19600.0,1.4190355505878685,1.4190012011727662,1.4188066761133482,1.418808335943352,1.418334178397105,1.418562906182427
19700.0,1.4187012470430047,1.4191572228219291,1.4185891847092402,1.4186296481052922,1.4183980609454137,1.4185382066998682
19800.0,1.419490270348411,1.4190012857297638,1.4180962124276304,1.4186816703633949,1.4192429019983388,1.4188464295130068
19900.0,1.4194236442397135,1.4191576186832398,1.4185182351723395,1.4188908408696068,1.418874614792233,1.4188875236852363
2e4,1.41894204163748,1.419125169181986,1.4189122860232732,1.4187048749874265,1.4186746520550806,1.4184896938288842
20100.0,1.4191971015167961,1.4187446119296527,1.4190960934006192,1.4192246776802728,1.418379888321028,1.4186060636723212
20200.0,1.4189905023173344,1.4184219519778114,1.418797997510727,1.419055843044746,1.4189210171939408,1.418664089864411
20300.0,1.4186495206836307,1.4185392814328925,1.4192249788499507,1.419122391660703,1.4188528728804926,1.4186880219759619
20400.0,1.4194659964763994,1.419266495321473,1.4183911758930696,1.4189039558552683,1.4190154835250237,1.4190098198695436
20500.0,1.4191589862861314,1.4189955163065378,1.419119255575559,1.418162255217068,1.4188734798105447,1.4188863224028325
20600.0,1.4190531459626234,1.418157446950023,1.4187660723930784,1.418638663360855,1.4186748509163272,1.4187531660859232
20700.0,1.4191014232335015,1.418261959195048,1.419044034709739,1.4190957490607439,1.418667008660813,1.4189607978030807
20800.0,1.4182394400137428,1.4186859445681945,1.418693503355489,1.4191671375249626,1.4190949329290887,1.4188951541846997
20900.0,1.4183168377413837,1.418711873779676,1.4188087311644404,1.418619760619577,1.4195513853691724,1.418429980095578
21e3,1.4186435480917372,1.4192715261873592,1.4184311853739555,1.4189402816140764,1.4184199662527033,1.4186150808199929
21100.0,1.4180665596559296,1.4186877120253225,1.4189555690900773,1.4188999850111372,1.419314676305842,1.4183567289015573
21200.0,1.4187353036708223,1.4182534285542656,1.4187572624529348,1.4186728850775232,1.41898657101223,1.4185287427290065
21300.0,1.4188587105142458,1.418455056911114,1.4193378251094455,1.4186395292488898,1.418865053972245,1.41809364659533
21400.0,1.418712456590558,1.4191401756749136,1.4193827936425083,1.41926013763024,1.4188800392675525,1.4186414342318692
21500.0,1.4190295772071044,1.4188306791291994,1.4186056899736117,1.4184737152667246,1.4188987006082825,1.418423478655953
21600.0,1.4181324408959255,1.4185515899345669,1.4187210871823908,1.4184051025944044,1.4190270622383458,1.4192241144357949
21700.0,1.41777452526516,1.4185585789624147,1.4180485412605608,1.4186345412516803,1.4187455527022166,1.4189218197853832
21800.0,1.4188312917974846,1.4191516475637744,1.4186021358811707,1.418786414948609,1.4189719888412267,1.4187726603488167
21900.0,1.4186763361289947,1.4194142006122985,1.4187873929861152,1.4184553605984003,1.4183269750752938,1.4186627158901943
22e3,1.4198891879213908,1.4186742037455218,1.419148229822641,1.4184856796093768,1.419190788887801,1.4186024112040665
22100.0,1.4198651882379596,1.418859327912826,1.418833413539198,1.4187821469871085,1.4185520239925289,1.4189533052701122
22200.0,1.4177054998225331,1.4189132870452819,1.4190715340487727,1.4188910775180832,1.418753185727679,1.4191189169768483
22300.0,1.4193004340064344,1.4189601568622527,1.418645052416814,1.4195128082687383,1.4186007232797306,1.418816082044499
22400.0,1.418464349311348,1.4185335438006519,1.4193510848112332,1.4185376856116039,1.4187402188103515,1.418911166228831
22500.0,1.4183196656725643,1.4189557776853936,1.4187735173429346,1.4189416155529073,1.4188200470368482,1.4188472107487282
22600.0,1.4189247378426806,1.4188056105329936,1.418733372358032,1.4190212223296388,1.4185684447200455,1.4185755432547522
22700.0,1.4185164785066724,1.4187802536039298,1.4186720325807483,1.4187296936445155,1.418928557955681,1.4186365206290332
22800.0,1.4190855206287203,1.4185964056656897,1.4188324158051677,1.4181829393865724,1.4189145402760275,1.4185905903136213
22900.0,1.4180846881986544,1.4189654790143695,1.4190694606243457,1.4184529670027957,1.4188129910620035,1.4186333096990167
23e3,1.4184414493210027,1.4185511398090582,1.4189040052001893,1.4188945806218771,1.418591402674078,1.4186847737564396
23100.0,1.4180765420386936,1.4192327753242509,1.419107455650727,1.4189166542604104,1.4185895352361622,1.4190905462017682
23200.0,1.4195670804775535,1.4193265493518001,1.4184712409596694,1.419225001114674,1.4187207483447355,1.4190806062652563
23300.0,1.418624030840525,1.4188901168159207,1.4189428761805274,1.4190121114015257,1.419007904626216,1.4186939173375466
23400.0,1.4196329539575316,1.4189180585933538,1.4189601802089642,1.4179597336169878,1.4189399127086455,1.4185448248798793
23500.0,1.4190360593539821,1.4184053110780002,1.4191207475732628,1.4187660064548733,1.4185216758964652,1.4187068609378044
23600.0,1.4182779178951497,1.4186407168488073,1.4188365894981558,1.4190229155478362,1.4188122594606207,1.418471038818712
23700.0,1.4189486755646965,1.4186588350015508,1.4190326262935171,1.4187835351846305,1.4189020621085877,1.41860680994713
23800.0,1.4192773028103292,1.418913491127185,1.4189218876785297,1.4189126041472073,1.418609746557747,1.4185520617140364
23900.0,1.4189158547831366,1.418968735943359,1.4189996625917944,1.4186767527095274,1.41871962916171,1.418427643940801
24e3,1.419335169361109,1.4186896583389224,1.4191025388831027,1.418605623077676,1.4190996245923653,1.4188515338482393
24100.0,1.419248022951841,1.4187139799191193,1.419347753415964,1.418923132142519,1.4180536512177404,1.41878980063505
24200.0,1.4194784803073004,1.4186439945769593,1.418733475104523,1.4186631789886905,1.4190401803839057,1.4191941824433802
24300.0,1.418823807016573,1.4190319431455316,1.4188016244874788,1.418491275702744,1.418937391239686,1.418301367770774
24400.0,1.4189717303567886,1.4186889508936054,1.4188123722550536,1.4183196705004517,1.4191501304517233,1.4182653084170815
24500.0,1.4192671837242115,1.4195516884970185,1.418786972162693,1.4188554612885782,1.4192491791807849,1.4185739223186324
24600.0,1.4186706339404227,1.4189017716663437,1.4182457736051792,1.4188761856369196,1.4188897916621803,1.4187417997109537
24700.0,1.4186733068355895,1.4183462587599631,1.4184000361254991,1.4188207358373945,1.4187625299080393,1.4187473648359419
24800.0,1.419801850465671,1.4190439712332235,1.4185535507715328,1.4184719213587376,1.4185187182324128,1.4185367384364518
24900.0,1.4187680262008722,1.4194105654406335,1.4187851666223317,1.4186850136986395,1.418893679216909,1.4191681413350032
25e3,1.4183073598866216,1.418929376581342,1.418944107579841,1.418772866858173,1.418724767144158,1.4190930930472057
25100.0,1.4197345737175802,1.4185385265150983,1.4189784160727281,1.4190120797828392,1.4190129552861122,1.4184491844852698
25200.0,1.4187853890342974,1.4186007037601205,1.4186002057092204,1.4186898556160201,1.4185826708690235,1.4186814610597676
25300.0,1.4194072147935584,1.4193116892115505,1.4190237179954264,1.41867443229441,1.4186374703655718,1.4185163512709964
25400.0,1.4182944504810222,1.4192944095215103,1.4187261109560447,1.4188628669692065,1.419079744699481,1.4186337659990444
25500.0,1.4182612072994476,1.419038939879003,1.418830884441479,1.4188648897690812,1.4185641829404454,1.4185656237003597
25600.0,1.4189114540322594,1.4191278872460584,1.419054060355417,1.4186190337916806,1.418836465769624,1.418946006414336
25700.0,1.419504066117259,1.418379915158949,1.4187655506482628,1.4182856723716712,1.4190249501942598,1.4189080177226876
25800.0,1.419253440513665,1.4191759806546589,1.4194395132402453,1.418619879924213,1.4187762155673085,1.4183281138371469
25900.0,1.41916952044659,1.419313579480726,1.4184639652417823,1.418794556101025,1.4189262276721906,1.4187320349260522
26e3,1.418968372209212,1.4189296532212885,1.4185680735013353,1.4189833802080976,1.4190397339575351,1.4188829088747243
26100.0,1.418465908425141,1.4187677758152144,1.4191047247734598,1.4184843080714298,1.4193676256245105,1.4188463434481386
26200.0,1.4190048325934612,1.4187558044479875,1.419013235837438,1.4186833435350659,1.4187951492987831,1.4187660342969866
26300.0,1.4187964906771335,1.4191702750838282,1.418649912935379,1.4187569973147631,1.4187245643677142,1.418273934627639
26400.0,1.4187456767390243,1.419092742980982,1.4189756241832254,1.418961680437628,1.4187520141643837,1.4184198511253212
26500.0,1.4176222133666605,1.4190083222567107,1.4190374181592431,1.4185999377033887,1.418681582693822,1.4187855830772258
26600.0,1.4180908822433742,1.4183597784467612,1.4189809407366325,1.4191028822738811,1.4188920214914884,1.4186365211019287
26700.0,1.4192300667815145,1.4186467322669345,1.4191608567785279,1.4190020415243123,1.4187848476116756,1.4189694947399494
26800.0,1.4184397673649456,1.4187833685517512,1.4188432869491396,1.4188311606848016,1.4190322351762539,1.4184285076444914
26900.0,1.4194295736268159,1.419263930303035,1.4184286474836163,1.4188479402604788,1.4190902556322191,1.4191151964081066
27e3,1.418570945694392,1.4186418987394007,1.4190697018480845,1.4191335341464881,1.4186419580648553,1.419069948861095
27100.0,1.4188172281659177,1.418548872410556,1.4193359332222986,1.418712118172268,1.4189534667162984,1.418895679836368
27200.0,1.41946246900886,1.4193362648839474,1.4191443414599214,1.4185312352455324,1.4190662880629423,1.4191286138038055
27300.0,1.419366065721637,1.4189102271489913,1.4190549744467646,1.418518516423077,1.4186699970323562,1.4184488978746936
27400.0,1.4189844947657804,1.418622536893789,1.418531955785249,1.4188182916736927,1.4189021665237254,1.419056103110753
27500.0,1.4189986905870438,1.419044069245637,1.4190684603118742,1.418517215250346,1.4184777100402748,1.4182868845457233
27600.0,1.4192159231443062,1.4184713200445713,1.4183466267045108,1.4185603044896875,1.4188383863514402,1.4193206592104366
27700.0,1.419350017891558,1.4183013587577151,1.4188536564165213,1.4185531619682765,1.4190855454869717,1.4189573954983496
27800.0,1.4188744508474604,1.4188442592905937,1.4189033125880246,1.4184762788359173,1.4184737836336276,1.4182729116286312
27900.0,1.418986824918491,1.418263386472808,1.4189841679063397,1.4184742291084564,1.4193408098339853,1.419084748952973
28e3,1.418695867333098,1.4184615239526983,1.418891465664174,1.4186061359292954,1.4187907046302135,1.4187194468727151
28100.0,1.4183411204223804,1.4185600493995867,1.4187980649098542,1.4187344033417828,1.4185111790582625,1.4185386503863637
28200.0,1.4187565740270585,1.4188684219102856,1.4195308411402048,1.419030135879124,1.4189378182585763,1.4186154651070229
28300.0,1.4190382408131745,1.4186500428901638,1.41905004740496,1.4191738999262948,1.4189126181880285,1.4188067361503804
28400.0,1.4193763350225268,1.4189853974952575,1.418485112641618,1.418804500645602,1.41865598523717,1.4183994280743306
28500.0,1.4194464516495513,1.4190760474002853,1.4188225485204848,1.4188067714585322,1.418820803008511,1.4187769845888425
28600.0,1.4192571609958835,1.4188202476655747,1.4188270363938467,1.4186563049342513,1.418727852447808,1.4186352700808165
28700.0,1.417771383406045,1.4188741986336786,1.418016529675127,1.4185056656983333,1.4180780001594,1.4189426194996935
28800.0,1.4193265716015233,1.4191757840280754,1.4185910985865238,1.419025897671599,1.4180910536764362,1.4182480663009993
28900.0,1.4188826733339928,1.4190761913928762,1.4187250702770953,1.419056971664532,1.4189467928353916,1.4187142390963932
29e3,1.4198731739947075,1.418678605280836,1.4187479030759438,1.4187769946702913,1.4187613775356085,1.418793457093566
29100.0,1.419511260459837,1.4185531506981528,1.4182853242459248,1.418940674236187,1.4185605368005845,1.418329839342786
29200.0,1.4186660518353487,1.4191035282792575,1.4187197777069238,1.4188979074476846,1.4188405989199713,1.4192424741263587
29300.0,1.4184300745827851,1.4189442029539452,1.4187469846585254,1.4184503719550723,1.4185950595411263,1.4184779675258512
29400.0,1.4183834207987704,1.418480198784737,1.4193632759675427,1.4182655431889661,1.4192187577046618,1.4185280882442364
29500.0,1.418418505829617,1.4198580183191152,1.4193677561016194,1.4186830414201597,1.4186108450874904,1.4189090918974645
29600.0,1.4196974569959873,1.4185898607823266,1.418686751266859,1.4190018916472045,1.418856198521993,1.4181970238438433
29700.0,1.4187060781318441,1.4194420607103608,1.4188958036278845,1.4188681597489272,1.419107695992357,1.4189599269291924
29800.0,1.4194935101683126,1.418387041998611,1.4188467852787752,1.4188092289957561,1.418930982396152,1.4184802107510663
29900.0,1.4191457337465536,1.4184617622891507,1.419189551042011,1.4184011718658354,1.4185614641837745,1.4187649973539012
3e4,1.4190623453947104,1.4190587693283812,1.418882302000835,1.4184189536351075,1.4188032794774674,1.4188655764176576
30100.0,1.4187638980960713,1.4182037328502124,1.418727691559156,1.4189644436646711,1.4189056920120813,1.4186386642438595
30200.0,1.4187598758948445,1.4185317849770662,1.4187166428271216,1.4187317580058696,1.419022647539216,1.4187365146292197
30300.0,1.4186986414254192,1.4190741305732948,1.4188336864233955,1.4190335027884697,1.4184286669192285,1.4187801495528545
30400.0,1.4184632820342336,1.4190378832264279,1.4192431865444122,1.418584856137943,1.418536615927633,1.4187105481043092
30500.0,1.4192519947797446,1.4195649953312148,1.4186117804972207,1.4189366846551,1.4190785235408794,1.4189465655554638
30600.0,1.4182578735102627,1.4189357422521405,1.41921564236396,1.418751372045629,1.4187116086579186,1.4188926231191539
30700.0,1.4189199661223477,1.4187542473131762,1.4188545340825964,1.4191603234872487,1.4190744613075377,1.4191949929153849
30800.0,1.4187929684884322,1.418576981401036,1.419264958403499,1.4192284021281334,1.418775554381552,1.4188395974792538
30900.0,1.4191713511331792,1.4197009636499829,1.4189638880731636,1.4184949783381244,1.4189835845492254,1.4191188375140724
31e3,1.4189312728876773,1.4188685557079892,1.4192423192004346,1.4188551797487652,1.4182663721789497,1.4192868232094635
31100.0,1.4196607567247583,1.4184844492585627,1.4184849507743977,1.418522934050504,1.4191892290294852,1.4188539158655955
31200.0,1.4182221741640921,1.4192165249797308,1.4193660457302821,1.4190737691219044,1.4191183578606101,1.418838187231543
31300.0,1.4189640454165293,1.4189518341669078,1.41925817379103,1.4190765912780983,1.4181578574970686,1.4186824922991164
31400.0,1.4197920516099753,1.4192828759032499,1.419329052209934,1.4186847359492265,1.4186832816889352,1.418901997806552
31500.0,1.4184935990942404,1.4188608662245545,1.4192601611837372,1.4189779248092578,1.4184726987122391,1.419072929335873
31600.0,1.4195428209825571,1.4187329691064368,1.4193656553864733,1.4183731738528245,1.4188952008725857,1.418831398912042
31700.0,1.419316747806506,1.4192107587305707,1.4183865009773515,1.4192134571082005,1.4182552562374033,1.418492012059325
31800.0,1.4186730352153984,1.4191498480944393,1.4185817509651981,1.4184908490048542,1.4187133301129873,1.4190448123523562
31900.0,1.4186313156716466,1.4188283962184687,1.4187950874695086,1.4187106207000426,1.4189669719782523,1.4193755235188295
32e3,1.4185063240819669,1.418572978973747,1.4191962495794268,1.4189229683343147,1.4188736895537513,1.4188686562946031
32100.0,1.418138461024718,1.419243155934461,1.4192513894063237,1.419002980319365,1.4186208813912584,1.4184851336513484
32200.0,1.4190982345196903,1.418655121784795,1.4189493004311409,1.41828973203386,1.4186602960321868,1.4186444584103541
32300.0,1.4180995578605682,1.4188213992820118,1.4190287953572844,1.4193697101513412,1.4187236027810657,1.4184473605587475
32400.0,1.418863913680434,1.4187150019043018,1.419057756778082,1.4185173585470783,1.4189414372091478,1.4188144977243144
32500.0,1.4191923185337374,1.4187664977512306,1.4185848508160308,1.4188017418574486,1.4186501950078134,1.4188865277571983
32600.0,1.419397026868271,1.4188153698628418,1.419093662853915,1.4189199497724767,1.4188857255516663,1.4190887483882935
32700.0,1.418500260954121,1.4189187549320947,1.41876553674475,1.4187342859898098,1.4187527418622627,1.4185486846921669
32800.0,1.418200967515821,1.4193574068135806,1.4188350284088218,1.4186152122432671,1.419008171717188,1.4188806641829776
32900.0,1.4191630735106617,1.4194037557511203,1.4189633189243713,1.4185501663800801,1.4189106879493074,1.4191453990262235
33e3,1.419223694156588,1.4190890797964293,1.4188109932516901,1.4189931444892079,1.4187984443825519,1.4186189016442707
33100.0,1.4190635334026274,1.4180492534497182,1.4186703989599385,1.4189976822664128,1.4184390514633516,1.4191445908637963
33200.0,1.4189440049154214,1.4189800381515172,1.4184593901487283,1.4189504790202916,1.4186254162502683,1.4188155598867378
33300.0,1.4185391442039033,1.418568087227153,1.4189226737059109,1.418733694532133,1.4186819957718293,1.4189458504078045
33400.0,1.4191602377253556,1.41867333670744,1.418632110221104,1.4189453872322697,1.418731297671988,1.4189417463689415
33500.0,1.4192242434309559,1.4191081459934094,1.4190855312548103,1.4188585925484447,1.4187939431751886,1.4186791612204872
33600.0,1.4189004265987624,1.4185588581715254,1.4189664460465603,1.4188174768303694,1.4187837163180215,1.4187178989173335
33700.0,1.4188701316047934,1.418792026381017,1.4185530269178226,1.4182226553765382,1.4184221236885513,1.4190101141221978
33800.0,1.4192078034793756,1.4190657069165102,1.4184125674107049,1.4188267750583863,1.4191139897688005,1.4187669036607828
33900.0,1.419246338765557,1.4192767096015284,1.418918367636403,1.4189031036469886,1.4190393634662022,1.419261533103131
34e3,1.419924687843244,1.4187739106488322,1.4189631297441039,1.4191496624260722,1.4187710113268017,1.4190381510429246
34100.0,1.4187497622746914,1.4185173630950771,1.4182615958872327,1.4188382435505476,1.418693330116445,1.4187055240673432
34200.0,1.4190234211343202,1.4186949266346482,1.4186917188566752,1.4188270001052974,1.4186423879092989,1.4190055715065495
34300.0,1.4186883077191283,1.418659201721222,1.4187376077052023,1.4183522801483814,1.4187480991760915,1.4190485418509526
34400.0,1.4187517144998478,1.4189451577220111,1.419079737784732,1.418480864181354,1.4186446364156404,1.4188851600388637
34500.0,1.4190220273637166,1.4188669992489646,1.418794666902905,1.4187736202585084,1.4188791976287158,1.4190219182434014
34600.0,1.4192278997098517,1.4186772891993196,1.4189462169195406,1.419127232976992,1.419190182772989,1.4187481850587726
34700.0,1.4191525881123042,1.4184035831503434,1.4183750961048731,1.4185976654432317,1.4187469982377507,1.4191706180053711
34800.0,1.4184551883376906,1.4182735702701497,1.4188444309183819,1.4184582442964302,1.4189418257541695,1.4188943074229023
34900.0,1.4190766146458687,1.4190572245727175,1.4189968147755019,1.4186915748898528,1.4187448544443435,1.4189636131548138
35e3,1.418534632263337,1.4192968434343158,1.4187846533607928,1.4186488289013304,1.4185853072271466,1.4188134709429057
35100.0,1.4189836074196167,1.4188638815829142,1.4189346030532608,1.4187695214726181,1.4187504764585839,1.4192430244786136
35200.0,1.4192735397830658,1.4185909229253642,1.4187148710199327,1.4189766282508147,1.418884837412102,1.4190503803480017
35300.0,1.4198315899112703,1.4188615470111143,1.418519150727633,1.4188734015546565,1.41902846292813,1.4189555402065104
35400.0,1.418373265580305,1.4189021543421252,1.4188266660435642,1.4189550546972252,1.4190980228111372,1.4184437987867629
35500.0,1.4192842903646719,1.4191579809547341,1.4185687903145878,1.4187198871003692,1.4185790555128877,1.4189513715086401
35600.0,1.418547028679558,1.4187630541852922,1.4183564238367412,1.4189136797327306,1.4185106060870527,1.418536170746571
35700.0,1.4189198487480719,1.418876278947949,1.4187846940190942,1.41874605205344,1.4189684809073837,1.4188937061503795
35800.0,1.4188942449782151,1.4189634284862802,1.419249429271338,1.4187274336805595,1.4189416949709273,1.4191838504614835
35900.0,1.419104221645094,1.419147318026314,1.4192374550612714,1.4185170402883367,1.4190117146626269,1.4186157298747195
36e3,1.4187626973961638,1.41883704226228,1.41885715519655,1.4190459758189389,1.418712250859789,1.41887362515961
36100.0,1.4195087604040295,1.4188033346287001,1.4186491577819476,1.4186791655284692,1.4190580836862792,1.4184986896422591
36200.0,1.419748410001909,1.418706494430332,1.4183024097077863,1.4190733969642089,1.4188363882501795,1.4189393182210555
36300.0,1.4195389646304457,1.4189240301762884,1.4190352471979502,1.4187428340661852,1.4187474085035754,1.4187044015934145
36400.0,1.418558082515105,1.4189990560393622,1.4187651730080966,1.4187295914009335,1.4188204705535103,1.418721866154374
36500.0,1.4184075498690902,1.4188845053681969,1.4190891027640902,1.4188001549188751,1.4188783092779262,1.4188363966637272
36600.0,1.418567513296157,1.418977620802675,1.4188615046358677,1.418123407161175,1.41869966582316,1.418960229559917
36700.0,1.4185939395968372,1.4193978021290616,1.419115680496985,1.4192854155600345,1.4189882563421061,1.4185346342150684
36800.0,1.4195904268820951,1.418826118532089,1.419016193713235,1.4188608533975873,1.418773446582106,1.4189947402948084
36900.0,1.4192441220901821,1.4189386180986816,1.419381059656379,1.4191587495001614,1.418835443778847,1.418896708520037
37e3,1.4191156521505692,1.4184747640258222,1.418686986210564,1.4190388031269756,1.4188099672761967,1.4190407606496653
37100.0,1.4189460251668073,1.4187069532299708,1.4191324157482819,1.4189352946111888,1.418692511861553,1.4188468241650798
37200.0,1.4188177617779791,1.4186837811580344,1.419008057377546,1.4188386567647517,1.418096753723782,1.4186284517921055
37300.0,1.4192174287997963,1.418626587172663,1.4184352814138983,1.419039782757855,1.4188467673898044,1.4189140760038603
37400.0,1.4190249221903466,1.4188144282541884,1.4190446935497296,1.4187462489484801,1.4187820918233676,1.4185303802045315
37500.0,1.4190563397974323,1.4194379772274766,1.4187122111425554,1.4187831418767294,1.4190460718912883,1.418633870702749
37600.0,1.4189275303782711,1.419398522800115,1.4188751554416956,1.4188414861457195,1.4186675874393906,1.418840019630628
37700.0,1.4183801729039978,1.4190767256403876,1.4185127027197464,1.4184263975860285,1.4187099508459962,1.418417677599934
37800.0,1.4185227948324541,1.4191615519766496,1.418831936806106,1.4187205724913803,1.4189393110750557,1.4190652683664637
37900.0,1.419285252515058,1.4189437898035775,1.418344726246097,1.4190562790518313,1.4189882863159722,1.4190902818372473
38e3,1.418976583838333,1.418835054112445,1.41897144439025,1.419175987974316,1.4188514845227245,1.4189020293406147
38100.0,1.419150890346961,1.4190990551438538,1.418771390078761,1.4185752404034242,1.4185173884489768,1.4188897855470306
38200.0,1.419009273763898,1.4187808378069278,1.4190388236905158,1.4188335835155506,1.4188214511231017,1.4188264439754357
38300.0,1.4191824734451364,1.4189832657880252,1.4188300207052154,1.4185079158616214,1.4186662691691785,1.418749517475088
38400.0,1.4191258613517688,1.4188053129660523,1.4187851771240372,1.418484360285009,1.4185556994960509,1.4186220237771954
38500.0,1.4189517007625536,1.4190370065628968,1.4187967957385341,1.4185638412758006,1.4186899897020775,1.4186528294113463
38600.0,1.4190176360616438,1.4189140608694446,1.4189390341599755,1.4189684054310892,1.41855690783961,1.4187545594102215
38700.0,1.4192264034996784,1.4189747464150257,1.418310847629424,1.4189202883451755,1.4188873859035664,1.4192189443681824
38800.0,1.4188336742265995,1.4188315600038157,1.419102608235742,1.418772298702719,1.418984638805349,1.4188369390799445
38900.0,1.4190753719060447,1.4188404791752138,1.4187940132321266,1.4191821752452032,1.4188517447444102,1.4184819950220906
39e3,1.4188834002516082,1.4191103435564336,1.41923856603298,1.41925747916985,1.4188654448295503,1.4186431059137394
39100.0,1.419141552970614,1.4191191696801617,1.4188844423757943,1.4192552236498306,1.4191269536465805,1.4188731572108801
39200.0,1.4187711765437079,1.4190319311866024,1.4191195180768568,1.4190503736878661,1.4187395048653022,1.4188540911568706
39300.0,1.41829289994725,1.4190853320750656,1.4186699424353733,1.4190563518639598,1.4187544012561362,1.4188305172486857
39400.0,1.4192705680679472,1.4189700155593032,1.418995451026321,1.418936374323531,1.4187549236369694,1.4189167173232398
39500.0,1.4191306547240536,1.41866996051367,1.4189173321113115,1.4187535419136794,1.4189684511946445,1.4185047687628876
39600.0,1.4189656080973583,1.41858904542463,1.4188155635052973,1.4192251420961557,1.4192539509326911,1.4188255513144625
39700.0,1.419091235346506,1.4190640582397143,1.4193557977131002,1.4189713499494987,1.4189225237300305,1.4187589497323398
39800.0,1.4182984630957223,1.4184896236102096,1.4188694921703953,1.4188085513762236,1.41880420466546,1.4190548408664627
39900.0,1.419176480485699,1.4190741369725066,1.4188580177447687,1.419076468838796,1.4187916074549465,1.4186881656396473
4e4,1.4191829784290315,1.4188077269951658,1.418653654321633,1.4186779473835325,1.4187671214783757,1.4187865623971303
40100.0,1.4183881188177498,1.4184457655339715,1.418983758343922,1.4187210427963353,1.4183593441889224,1.4188066427854913
40200.0,1.4195701194799468,1.4190766266612076,1.4188776895463662,1.418938461824233,1.4190526572430873,1.418839672720106
40300.0,1.4188594203227631,1.4184594560081014,1.4186698339263977,1.4187688386604889,1.4191627034074563,1.4186239451401963
40400.0,1.4184008434052626,1.4190873072504468,1.4188030219485528,1.4188104577987644,1.4187689695631147,1.4184485213923643
40500.0,1.4180661094855844,1.4188366365848488,1.4187273408234966,1.4184421695704998,1.418736870696208,1.418818979754258
40600.0,1.4187270474043674,1.4188591773936012,1.4185336143794163,1.419077801036601,1.418974080422029,1.4186088976324729
40700.0,1.4191793634230523,1.4188979988834565,1.4187645462795886,1.4190870410525815,1.418681292924367,1.4184708850910668
40800.0,1.418853978583354,1.418861977392405,1.4191444502404884,1.419118006884279,1.4189657439471985,1.4189304683332409
40900.0,1.4185971050454567,1.4187580154684363,1.4187401921268035,1.419224983214126,1.4189992679776278,1.4188284868502699
41e3,1.4191709323508788,1.4190489981519185,1.4188011697226492,1.4190484198334585,1.4191077861494312,1.419161718903275
41100.0,1.4187776643743568,1.4185468602369522,1.418911149355793,1.419039459090129,1.4188452483170184,1.418834921461695
41200.0,1.4195923881338455,1.419175982942242,1.4189571017083376,1.4188671688004517,1.4189922328543083,1.4187957138299199
41300.0,1.418803596726642,1.4185541714513559,1.4190649312944343,1.4190959646813242,1.4186662637373777,1.4191333299905573
41400.0,1.4192482886762716,1.4190087019973712,1.418936271730562,1.4188676356872754,1.4190016186142096,1.4188193568329348
41500.0,1.4192914394449045,1.4193768892098624,1.4189854221569522,1.4187474683049466,1.419004224397908,1.4191073561344205
41600.0,1.4193028705259585,1.419195042477944,1.4189857733041444,1.4189267601322295,1.4190978242813368,1.4189036012769027
41700.0,1.4188549415805172,1.4189796590192632,1.419148098485512,1.4187016356945863,1.4189857881686812,1.418731355783252
41800.0,1.4190344973676867,1.4193211853456844,1.418866635528019,1.4190086842946659,1.4188563023324345,1.4188214629886926
41900.0,1.4185970042295233,1.4190655747553729,1.4185453939256845,1.4192748995459108,1.4191788204222138,1.4189859997694123
42e3,1.4189696662897644,1.4188000915194796,1.4187291443762369,1.418919525773908,1.419054277853528,1.4189587181715484
42100.0,1.4185234925424326,1.4190691640763538,1.4189645004378697,1.418848755240462,1.4192217760936974,1.418715693514775
42200.0,1.418983293708234,1.4191448732079779,1.4192817033326628,1.4188813587659763,1.4190822011187056,1.4188277777877387
42300.0,1.418205511728841,1.4186023575190083,1.4182565283602209,1.4187968204885741,1.4190328804171917,1.4188080954506765
42400.0,1.4190164545782764,1.4180917122118866,1.4191771530259663,1.4190464220487753,1.4188534395858154,1.4190923673945768
42500.0,1.4191709791862726,1.4190194136799898,1.418811179831478,1.418579562337962,1.4190273605323982,1.4187067474194286
42600.0,1.4191806196668828,1.418827746960727,1.4188208341599118,1.4187956007655962,1.4189845980101206,1.4187735143664368
42700.0,1.4196956445022002,1.4190219015602454,1.4186303645957363,1.4188469269536372,1.4188325077876618,1.4188875688696876
42800.0,1.4190146766546052,1.4186622634671664,1.4190269132694853,1.418996608273914,1.419075474044583,1.4191037727537363
42900.0,1.4190926490685432,1.419270909060083,1.4185780754892794,1.4187305908255978,1.4187806654619977,1.418898509198388
43e3,1.4191096404704182,1.4189558054558788,1.4190076169859258,1.4191303380229285,1.4186805436611258,1.4188012730355672
43100.0,1.4185611864920487,1.4195365894690184,1.419168028819702,1.4187694297650668,1.4184561450426951,1.4186633960939512
43200.0,1.4188188011765814,1.4185877485611893,1.4191728631720515,1.418771676311938,1.418822349207989,1.4189948072318141
43300.0,1.4192636700577486,1.4191540429620026,1.4185788063256108,1.4190741812211753,1.4189139469813827,1.4189425548189725
43400.0,1.41823315638118,1.4189463661138166,1.4191482172633554,1.4187812868420207,1.419187146052013,1.4188571171716744
43500.0,1.4185059038879877,1.4184169774794602,1.4185562913668064,1.418673494536299,1.419110063010842,1.4189582679907589
43600.0,1.4187537019788359,1.41896692514169,1.41911698672401,1.418731520949951,1.4190897107063318,1.4188181706012544
43700.0,1.418960506967113,1.4192445134178269,1.4184127029848876,1.4188383211256148,1.4187692997669115,1.4186970814039763
43800.0,1.4188729294012778,1.4187846448627144,1.4192177873302336,1.4186136005621095,1.4190137912317053,1.4190125556032738
43900.0,1.4190722297322782,1.4189213544170292,1.4190275513011015,1.4190136399932711,1.418815649986833,1.4187068787789425
44e3,1.4185214075094448,1.4190478786953853,1.4187371668512383,1.4189008123606468,1.418787992013189,1.418641984324676
44100.0,1.4189281681199095,1.4188551039178094,1.4189024984829484,1.4186413585637712,1.4185846530771133,1.4186924254110773
44200.0,1.4190051496423985,1.4187967840751468,1.4190446415860154,1.4188300604733102,1.41873209968452,1.418707857438572
44300.0,1.4192237287501615,1.4186577376837561,1.4190923576204741,1.4183317194112743,1.4190720318402634,1.419294560555023
44400.0,1.4189762930234437,1.4190356259186194,1.4186769246565878,1.419134080199025,1.4189502878946725,1.4187048873791541
44500.0,1.4187131368921542,1.4193757803751097,1.4190508571739626,1.4183466369462767,1.4188569053053603,1.4186411551465579
44600.0,1.4192435435750597,1.4187836918211933,1.4193095170123529,1.4187115447128835,1.41867406661294,1.4187590846351963
44700.0,1.418907216286912,1.4187061933630272,1.4189681661509528,1.418603655437116,1.4192389375128525,1.4188471917755174
44800.0,1.418347392246071,1.418343753279551,1.4190083561990723,1.4187729597948051,1.419178711355589,1.4190025514719231
44900.0,1.4186188615661508,1.4187841527814642,1.4188143512217175,1.4188670965937669,1.4191463059173743,1.4188834576235256
45e3,1.4185852521835332,1.4186432001557228,1.4187675351180127,1.4190052339029977,1.4186614084755678,1.4188847737872443
45100.0,1.4187843884899314,1.4193633890717325,1.4187710112488836,1.4190176027656025,1.418637030614647,1.4190512649458717
45200.0,1.4189013080140516,1.4190539480752793,1.4182291708950276,1.4189631609025557,1.4191053614268678,1.4187418727307677
45300.0,1.419044321125315,1.4188565907729995,1.4187404757571045,1.4189649606303114,1.4191301648599386,1.419000716518196
45400.0,1.4184353856975422,1.4192789629519627,1.4189978077874053,1.4185987661682344,1.4189905288572096,1.419003074735821
45500.0,1.4192622108445263,1.418881855710088,1.4190262368103024,1.4187493227974932,1.4188301553094036,1.4186752568475525
45600.0,1.4187212797570279,1.418917562794487,1.4187241705559421,1.419183489059432,1.4189388476507725,1.4188211040202545
45700.0,1.4192390423928891,1.4185150250912983,1.4191159531210016,1.4182300468609146,1.418824982457761,1.4190469493391178
45800.0,1.4187796408145363,1.4186919911870983,1.4187962638490825,1.418870297326164,1.418756868186754,1.4190342560297529
45900.0,1.418625706318821,1.4186618876304675,1.4193280670857655,1.418679420957619,1.4187379899525112,1.4191275012288798
46e3,1.4186158991603035,1.418953148230375,1.4187286608738652,1.418931124286941,1.4188709476086439,1.4188730602163604
46100.0,1.4192970060339698,1.418820829670312,1.41877723422687,1.4191348623683093,1.419184824054352,1.4189235236167477
46200.0,1.4191763152383265,1.4188009926139824,1.4190313031581392,1.4189819317875743,1.4187965352117784,1.4189713618060567
46300.0,1.4187146404828495,1.4190127238190589,1.4186878099077584,1.4190084512381138,1.4187629449130315,1.4190571817249895
46400.0,1.419361959907093,1.4186963662032914,1.4187125240329292,1.4188243777225253,1.419128791797626,1.4189120841804375
46500.0,1.4190692437638828,1.4186233767576082,1.4188720075522574,1.4185760867858135,1.4191064818538888,1.4189485936429225
46600.0,1.418824745861454,1.418848931592844,1.418878343043455,1.4189159216318823,1.4188556647090893,1.4188874155386675
46700.0,1.4185943076466492,1.4193681554309632,1.4188280577916441,1.4187568993903334,1.4191345998647003,1.4186575622445763
46800.0,1.4183995052379605,1.4193901039568955,1.4182648342874724,1.41894448540385,1.418675381411529,1.4188781935283943
46900.0,1.4190649137049685,1.4187717173611312,1.4189689450431349,1.4190618558177268,1.4189133533966318,1.4186376055521173
47e3,1.4185925173386968,1.41874021447326,1.4187991441176615,1.4189889443512345,1.4188964922646221,1.4189426166917563
47100.0,1.4190496011907083,1.4188490713946391,1.418425112669155,1.4189780240387988,1.4188487606060642,1.4186229738452711
47200.0,1.4189462393818064,1.418879211899645,1.4184931780629768,1.4189213413222146,1.4187435501742045,1.4189181729193496
47300.0,1.4188105042153039,1.4188562243822889,1.4190430292064253,1.4191234394327807,1.4190322287788548,1.4187537666256895
47400.0,1.4189879122411684,1.4187830351856905,1.41883565762563,1.4187716876057628,1.4188122339846203,1.418978576225896
47500.0,1.4195401651044885,1.4192664646587352,1.4188028594644404,1.4190028201613534,1.418704906998331,1.4188447526244148
47600.0,1.4190607186433681,1.419120492853013,1.4191433416336612,1.419022281061211,1.4186944277731945,1.4187066712590568
47700.0,1.4192889790664567,1.418749429076778,1.4186850472701407,1.4188764216173817,1.4186668157989881,1.4183464819299878
47800.0,1.4182392298531903,1.4190641119105827,1.4187832458185419,1.4189715912737628,1.4189455450356954,1.4182759576657689
47900.0,1.4193610291489924,1.4190082664860224,1.4185055627567424,1.4191086141358245,1.4190005471008633,1.418815745250817
48e3,1.4193578139684113,1.4193162033319584,1.418820409568344,1.419086617692548,1.4187471823198652,1.4190331848526005
48100.0,1.4187930177919343,1.4186220706554948,1.4187814256688183,1.4190785045347363,1.4193514721402056,1.4187185511939984
48200.0,1.4191295141058051,1.4187603859108688,1.4184056129014928,1.4189152344358364,1.4191321621819255,1.4188358717231342
48300.0,1.418564045974064,1.418713148520005,1.4191241026988723,1.4190199981714833,1.4189957439913061,1.4185073279930756
48400.0,1.4194700459472045,1.4189760805568097,1.418745090285682,1.4188661680500343,1.4187408381603688,1.4190325504728982
48500.0,1.4189974313798153,1.4188987457289939,1.4194203339875744,1.418692187838187,1.4189383478078985,1.4189552772501544
48600.0,1.4192594882974932,1.4191787483941056,1.418421492515925,1.418695974022034,1.4187392953232238,1.4188271327424868
48700.0,1.4180036442152768,1.4188761025828898,1.418378926612763,1.4187321242775754,1.418765186600356,1.4187379417853023
48800.0,1.419014186223265,1.4189406263469835,1.4191627171348422,1.4187540014757423,1.4186686882635722,1.4189941128584813
48900.0,1.4189404195910453,1.418655181239876,1.4189290304640054,1.4187081094530014,1.419045411721519,1.418944593836978
49e3,1.4191107142075055,1.4189006834797497,1.418747092536488,1.419175843134825,1.419118881315732,1.4188255741247267
49100.0,1.4192397428449763,1.4189328092443683,1.418519519153735,1.419214514330922,1.4190023984943914,1.4188370835078512
49200.0,1.4190499413819835,1.4190531326626854,1.4188414600613346,1.4188501538470393,1.4190847956956523,1.4187875405796968
49300.0,1.4191986776444439,1.4186738407838904,1.4189338661532465,1.4191408322285028,1.4191085089373379,1.4186238561116538
49400.0,1.418411767887307,1.418935825042754,1.4192251504471922,1.418944936606802,1.418834850944685,1.4186863021028815
49500.0,1.419577232261448,1.4192387588359856,1.4188886009005368,1.419159257774858,1.4188674253239053,1.4186124121012857
49600.0,1.4187159641798666,1.4187618846169654,1.4192714736760976,1.4192904983941657,1.4186164550189686,1.4189496406125441
49700.0,1.4193263475478881,1.4188705405731137,1.4187625302624878,1.419046737140145,1.4188338412919654,1.4190036620093063
49800.0,1.418311068252846,1.4188025174365582,1.4188348918375813,1.4188815562383592,1.4190029383091871,1.4184776485483668
49900.0,1.4187189564831393,1.419014051211863,1.4189511750175257,1.418714674705976,1.418814551238794,1.4190495414065227
5e4,1.4193813677618758,1.4193017299400583,1.4187107255824742,1.4190581163568747,1.4189387965136226,1.4187914691774723
